               epoch,      train/box_loss,      train/obj_loss,      train/cls_loss,   metrics/precision,      metrics/recall,     metrics/mAP_0.5,metrics/mAP_0.5:0.95,        val/box_loss,        val/obj_loss,        val/cls_loss,               x/lr0,               x/lr1,               x/lr2
                   0,             0.12501,            0.069176,            0.034691,            0.001741,            0.087974,            0.001502,          0.00037398,            0.095043,            0.026341,            0.021685,            0.070189,           0.0033124,           0.0033124
                   1,            0.099833,            0.051351,            0.022388,             0.69207,            0.076503,            0.015085,           0.0039151,            0.083268,            0.029095,             0.01819,            0.040167,           0.0066238,           0.0066238
                   2,            0.094791,            0.050927,            0.020779,             0.70015,            0.033698,            0.013606,           0.0047446,            0.079786,            0.026552,            0.019168,            0.010123,           0.0099132,           0.0099132
                   3,            0.083097,            0.051049,            0.018897,             0.35134,             0.09745,            0.013173,           0.0036518,            0.070521,            0.031069,            0.019374,            0.009901,            0.009901,            0.009901
                   4,            0.078342,            0.052978,            0.017427,            0.067169,             0.27875,            0.045423,            0.012796,            0.063219,            0.033349,            0.017673,            0.009901,            0.009901,            0.009901
                   5,            0.071711,            0.060719,            0.015529,             0.12359,             0.24549,            0.069812,            0.021082,            0.058334,            0.033837,            0.013364,            0.009868,            0.009868,            0.009868
                   6,            0.065889,            0.057684,            0.012394,             0.12649,             0.31233,            0.078995,             0.03086,             0.05376,            0.034583,            0.010732,            0.009835,            0.009835,            0.009835
                   7,            0.062001,            0.059132,            0.011017,             0.13794,             0.35024,             0.10433,            0.030325,            0.053439,            0.038201,            0.010279,            0.009802,            0.009802,            0.009802
                   8,            0.062866,             0.05706,            0.010776,             0.15576,             0.39079,             0.11891,             0.03573,              0.0503,            0.035919,           0.0086787,            0.009769,            0.009769,            0.009769
                   9,            0.059115,             0.06015,           0.0093988,             0.17976,             0.41608,               0.145,            0.056028,            0.045621,            0.037527,           0.0087261,            0.009736,            0.009736,            0.009736
                  10,            0.055494,            0.058814,           0.0094137,             0.17927,             0.45627,             0.15901,            0.066791,            0.044264,             0.04013,           0.0077119,            0.009703,            0.009703,            0.009703
                  11,            0.058135,            0.057156,           0.0091211,             0.15179,             0.38803,             0.11458,            0.037047,            0.053311,            0.037311,           0.0086893,             0.00967,             0.00967,             0.00967
                  12,            0.056414,            0.061302,           0.0083428,             0.19354,             0.45124,             0.15747,            0.061568,            0.042659,            0.040344,           0.0071643,            0.009637,            0.009637,            0.009637
                  13,            0.053207,            0.055547,           0.0078343,             0.17832,             0.46798,             0.15647,            0.064634,            0.044439,            0.037988,           0.0070446,            0.009604,            0.009604,            0.009604
                  14,            0.052064,             0.06489,           0.0082755,             0.21353,             0.45195,             0.15821,            0.058928,            0.042428,            0.038222,           0.0076652,            0.009571,            0.009571,            0.009571
                  15,            0.052902,            0.059395,           0.0072146,                0.21,             0.47801,             0.17155,            0.081158,            0.038597,            0.038384,           0.0066885,            0.009538,            0.009538,            0.009538
                  16,            0.052064,            0.060825,           0.0070613,             0.20203,             0.46382,             0.15901,            0.060052,              0.0419,            0.039554,           0.0064283,            0.009505,            0.009505,            0.009505
                  17,            0.050149,            0.058559,           0.0077045,             0.21303,             0.45751,             0.16042,            0.067909,            0.037556,            0.040069,           0.0061991,            0.009472,            0.009472,            0.009472
                  18,            0.048308,            0.059298,           0.0065734,              0.2148,             0.43452,              0.1678,             0.06304,            0.042179,            0.037844,           0.0064857,            0.009439,            0.009439,            0.009439
                  19,            0.047403,            0.059957,           0.0070564,             0.21297,             0.46416,             0.17262,            0.071215,            0.038975,            0.039306,              0.0067,            0.009406,            0.009406,            0.009406
                  20,             0.04788,            0.059463,           0.0071816,              0.2243,             0.45542,             0.17847,            0.088795,            0.036211,            0.040451,           0.0065186,            0.009373,            0.009373,            0.009373
                  21,            0.047648,            0.059105,           0.0064047,             0.20178,             0.49029,             0.17455,            0.082343,            0.038443,            0.038987,           0.0059016,             0.00934,             0.00934,             0.00934
                  22,            0.047179,            0.057459,           0.0070317,              0.2198,              0.4698,             0.18263,            0.080786,            0.038679,            0.040274,           0.0058338,            0.009307,            0.009307,            0.009307
                  23,            0.047485,            0.057874,           0.0061113,             0.21752,             0.44345,              0.1744,            0.083749,            0.037297,            0.039181,           0.0059098,            0.009274,            0.009274,            0.009274
                  24,            0.046972,             0.06077,            0.006314,              0.2359,             0.44997,             0.17894,            0.080887,            0.037599,            0.038117,           0.0056503,            0.009241,            0.009241,            0.009241
                  25,            0.046948,            0.057954,           0.0055765,             0.23419,             0.46306,               0.179,            0.085919,            0.034587,            0.041585,           0.0060049,            0.009208,            0.009208,            0.009208
                  26,            0.045485,            0.061383,           0.0061074,             0.22577,             0.45709,             0.17622,            0.092719,            0.034352,            0.040727,           0.0055701,            0.009175,            0.009175,            0.009175
                  27,            0.045546,            0.062235,           0.0053915,             0.21934,             0.46951,             0.18809,            0.093143,            0.037394,            0.039776,           0.0051569,            0.009142,            0.009142,            0.009142
                  28,             0.04432,            0.058232,           0.0054854,             0.22989,             0.46707,             0.19293,            0.091207,            0.036182,            0.039053,           0.0051472,            0.009109,            0.009109,            0.009109
                  29,            0.045932,            0.060006,           0.0063658,             0.22481,             0.48514,             0.18434,            0.095011,            0.034582,            0.039482,           0.0053545,            0.009076,            0.009076,            0.009076
                  30,            0.045039,            0.058562,           0.0060333,             0.23428,             0.45836,             0.18799,            0.095709,            0.035235,            0.040358,           0.0051402,            0.009043,            0.009043,            0.009043
                  31,            0.044499,            0.058793,           0.0055107,             0.23415,             0.47632,             0.18782,            0.093497,            0.036437,            0.039847,           0.0054741,             0.00901,             0.00901,             0.00901
                  32,            0.044381,            0.060242,           0.0051548,             0.22192,             0.45938,             0.19165,            0.097987,             0.03556,            0.040401,           0.0055421,            0.008977,            0.008977,            0.008977
                  33,            0.043424,            0.058245,            0.005492,             0.23637,             0.46233,             0.19239,            0.099918,            0.034609,            0.042463,           0.0054307,            0.008944,            0.008944,            0.008944
                  34,            0.042499,             0.06065,           0.0050493,             0.23182,             0.51093,              0.1951,            0.093564,            0.035911,            0.041389,           0.0055077,            0.008911,            0.008911,            0.008911
                  35,            0.043815,            0.059816,           0.0051982,             0.21929,             0.48436,             0.18046,            0.090804,            0.035173,            0.040776,           0.0057391,            0.008878,            0.008878,            0.008878
                  36,            0.042552,            0.057835,           0.0049055,             0.23195,              0.5013,             0.19545,            0.094779,            0.035495,            0.039428,           0.0058068,            0.008845,            0.008845,            0.008845
                  37,            0.041898,            0.057236,           0.0046456,             0.23615,             0.48281,             0.18982,            0.099931,            0.032803,             0.03965,           0.0055762,            0.008812,            0.008812,            0.008812
                  38,            0.042773,             0.06121,           0.0051564,             0.22624,             0.48807,             0.18365,            0.077311,            0.036578,            0.039947,           0.0050558,            0.008779,            0.008779,            0.008779
                  39,            0.043199,            0.055705,           0.0052904,             0.23228,             0.47127,             0.19423,            0.094783,            0.035365,            0.040599,           0.0051997,            0.008746,            0.008746,            0.008746
                  40,            0.041572,            0.057927,           0.0050239,             0.24007,             0.48603,             0.19792,            0.091779,            0.036851,            0.039753,           0.0084248,            0.008713,            0.008713,            0.008713
                  41,            0.042301,            0.058636,           0.0049603,             0.23937,              0.4866,             0.19639,             0.10757,            0.032489,            0.039514,           0.0055444,             0.00868,             0.00868,             0.00868
                  42,            0.041346,            0.056686,           0.0049529,             0.22764,             0.48769,             0.18504,             0.08274,            0.035559,            0.039363,           0.0057699,            0.008647,            0.008647,            0.008647
                  43,            0.039721,            0.053869,           0.0055342,             0.24121,             0.52192,             0.20929,             0.11109,            0.032157,            0.040263,           0.0052405,            0.008614,            0.008614,            0.008614
                  44,            0.041716,            0.059539,           0.0049534,              0.2586,              0.4891,             0.20042,             0.10266,            0.032692,            0.039389,            0.005213,            0.008581,            0.008581,            0.008581
                  45,            0.040434,            0.055506,           0.0050012,             0.25709,             0.47155,             0.20864,            0.098891,            0.035673,             0.03915,           0.0064184,            0.008548,            0.008548,            0.008548
                  46,            0.041314,            0.060301,           0.0045601,             0.23623,             0.52369,             0.20191,             0.10758,            0.034044,              0.0417,           0.0050026,            0.008515,            0.008515,            0.008515
                  47,             0.03827,            0.056409,           0.0048276,             0.22985,             0.49283,             0.20163,             0.10718,            0.033664,            0.039041,           0.0053319,            0.008482,            0.008482,            0.008482
                  48,            0.039901,            0.060095,           0.0049366,             0.23053,             0.48942,             0.20899,             0.11555,            0.031992,            0.040931,           0.0049552,            0.008449,            0.008449,            0.008449
                  49,            0.039397,            0.055259,           0.0047354,              0.2251,             0.50076,             0.19807,             0.10447,            0.031796,            0.040052,           0.0047252,            0.008416,            0.008416,            0.008416
                  50,            0.039071,            0.058033,           0.0043616,             0.24757,             0.44029,             0.19877,             0.10639,             0.03305,            0.040045,           0.0050485,            0.008383,            0.008383,            0.008383
                  51,            0.039589,             0.05933,           0.0047327,             0.23928,             0.51093,             0.20352,             0.10513,             0.03147,            0.040066,           0.0047325,             0.00835,             0.00835,             0.00835
                  52,            0.040001,            0.058247,           0.0047983,             0.23374,             0.50697,             0.19453,             0.10564,            0.031143,            0.039792,           0.0050779,            0.008317,            0.008317,            0.008317
                  53,             0.03847,            0.054667,           0.0047215,             0.22676,             0.51129,             0.20224,            0.092322,            0.032299,            0.039483,           0.0047516,            0.008284,            0.008284,            0.008284
                  54,            0.039808,            0.060854,            0.004475,             0.25222,             0.48604,             0.21047,             0.10532,            0.032206,            0.039857,           0.0045369,            0.008251,            0.008251,            0.008251
                  55,             0.03903,            0.056166,           0.0043053,             0.23018,             0.45549,               0.204,             0.11255,            0.031214,            0.039861,            0.004718,            0.008218,            0.008218,            0.008218
                  56,            0.039573,            0.060254,           0.0040659,             0.24413,             0.50078,             0.21063,             0.10573,            0.032547,            0.040911,           0.0044884,            0.008185,            0.008185,            0.008185
                  57,            0.039948,             0.05934,           0.0042507,             0.23243,             0.45273,             0.19975,             0.11112,            0.031939,             0.03976,           0.0048835,            0.008152,            0.008152,            0.008152
                  58,            0.038379,            0.060136,           0.0042625,             0.23008,             0.47987,             0.20578,             0.11257,             0.03088,            0.040929,           0.0047275,            0.008119,            0.008119,            0.008119
                  59,            0.037762,            0.058348,           0.0043557,             0.25306,             0.45945,             0.20917,             0.10899,            0.031525,            0.040871,           0.0043363,            0.008086,            0.008086,            0.008086
                  60,            0.037616,            0.055384,           0.0040702,             0.24297,             0.46385,             0.19898,             0.11255,             0.03073,            0.040474,           0.0046284,            0.008053,            0.008053,            0.008053
                  61,             0.03787,            0.055991,           0.0040672,             0.22866,             0.47733,             0.19448,            0.095514,            0.032451,            0.042332,            0.004851,             0.00802,             0.00802,             0.00802
                  62,            0.038195,            0.054814,           0.0042108,             0.23094,             0.51228,             0.20359,              0.1105,            0.031298,            0.040659,            0.004679,            0.007987,            0.007987,            0.007987
                  63,            0.037188,            0.058189,           0.0042367,             0.24246,             0.47924,             0.20172,             0.11015,            0.031018,            0.042269,           0.0047581,            0.007954,            0.007954,            0.007954
                  64,            0.038528,            0.058656,           0.0040798,             0.22168,             0.49179,             0.19254,            0.099915,            0.031392,            0.040379,           0.0047262,            0.007921,            0.007921,            0.007921
                  65,            0.037493,            0.055963,           0.0040804,             0.23211,             0.49325,             0.19647,             0.11002,            0.031521,            0.040592,           0.0048495,            0.007888,            0.007888,            0.007888
                  66,            0.036438,            0.056263,           0.0041616,             0.24565,             0.49641,             0.19869,             0.10532,            0.031082,            0.041496,           0.0051354,            0.007855,            0.007855,            0.007855
                  67,            0.037583,            0.058071,           0.0040112,             0.23795,             0.48824,             0.19827,             0.10783,            0.030677,            0.043003,           0.0044673,            0.007822,            0.007822,            0.007822
                  68,            0.038103,            0.058409,           0.0041139,              0.2383,              0.5152,              0.1991,             0.11416,            0.029231,            0.042314,           0.0045309,            0.007789,            0.007789,            0.007789
                  69,              0.0366,            0.056022,           0.0038876,             0.23037,             0.46913,             0.20033,             0.10301,            0.029624,             0.04192,           0.0046162,            0.007756,            0.007756,            0.007756
                  70,            0.036203,            0.056647,           0.0037981,             0.23298,             0.48804,             0.19813,             0.11147,            0.028701,            0.041319,           0.0043999,            0.007723,            0.007723,            0.007723
                  71,            0.037141,            0.058685,            0.004135,             0.23255,             0.46336,             0.19049,             0.10129,             0.03049,              0.0407,           0.0045947,             0.00769,             0.00769,             0.00769
                  72,            0.036849,            0.057286,           0.0040957,             0.23685,             0.46544,             0.18625,             0.10529,            0.029486,             0.04268,           0.0057717,            0.007657,            0.007657,            0.007657
                  73,            0.036313,              0.0559,           0.0037486,             0.23419,             0.48811,             0.18966,            0.094817,            0.032243,            0.041178,           0.0046125,            0.007624,            0.007624,            0.007624
                  74,            0.037581,            0.057337,           0.0040916,             0.23204,             0.47009,             0.19519,             0.11139,            0.029627,            0.039915,           0.0047637,            0.007591,            0.007591,            0.007591
                  75,            0.037628,            0.059465,           0.0039226,             0.22698,             0.51241,             0.20301,             0.11157,            0.030025,            0.044952,           0.0048329,            0.007558,            0.007558,            0.007558
                  76,            0.035267,             0.05624,           0.0039448,             0.23741,             0.50642,             0.20014,             0.10453,            0.030095,            0.041046,           0.0052192,            0.007525,            0.007525,            0.007525
                  77,            0.036199,            0.056048,           0.0034734,             0.23441,             0.46845,             0.19372,             0.10058,            0.031341,            0.040632,           0.0049815,            0.007492,            0.007492,            0.007492
                  78,            0.035368,            0.057088,           0.0038413,             0.22694,             0.48899,             0.19537,             0.11455,            0.029227,            0.044733,           0.0047527,            0.007459,            0.007459,            0.007459
                  79,            0.036376,            0.057172,           0.0038136,               0.237,             0.44436,             0.20096,             0.10459,            0.030512,            0.041543,           0.0045304,            0.007426,            0.007426,            0.007426
                  80,            0.034149,            0.056314,           0.0038746,             0.23056,             0.47168,             0.19495,              0.1114,            0.029679,            0.044215,           0.0045249,            0.007393,            0.007393,            0.007393
                  81,            0.035414,            0.054375,           0.0036659,             0.22627,             0.48469,             0.18867,            0.097724,            0.030852,            0.041424,           0.0050178,             0.00736,             0.00736,             0.00736
                  82,            0.035243,            0.057721,           0.0035491,             0.23103,             0.52173,             0.19802,             0.10031,            0.031163,            0.041442,           0.0045536,            0.007327,            0.007327,            0.007327
                  83,            0.036786,             0.05455,           0.0038095,             0.24654,             0.46909,             0.18792,             0.10887,            0.029402,               0.042,           0.0047858,            0.007294,            0.007294,            0.007294
                  84,            0.035578,            0.058555,           0.0037394,             0.22946,             0.49239,             0.19168,             0.10243,            0.030233,             0.04294,           0.0051699,            0.007261,            0.007261,            0.007261
                  85,            0.035455,            0.059645,           0.0036775,             0.22769,             0.51392,             0.19418,             0.11114,            0.028898,             0.04225,           0.0046236,            0.007228,            0.007228,            0.007228
                  86,            0.035435,            0.059072,           0.0038443,             0.23674,             0.52834,             0.20068,             0.11429,            0.028455,            0.043658,           0.0042683,            0.007195,            0.007195,            0.007195
                  87,             0.03441,            0.055699,           0.0039158,             0.22466,             0.50248,             0.20511,             0.10746,            0.030081,             0.04401,           0.0045868,            0.007162,            0.007162,            0.007162
                  88,            0.036824,            0.055436,           0.0041949,             0.23689,             0.46747,             0.19841,             0.11398,            0.029771,             0.04126,           0.0047447,            0.007129,            0.007129,            0.007129
                  89,            0.035737,            0.056166,           0.0039789,             0.23963,             0.46707,             0.19953,             0.10428,            0.029137,            0.043832,           0.0049351,            0.007096,            0.007096,            0.007096
                  90,            0.035158,            0.055615,           0.0037064,             0.22077,             0.49016,             0.19412,             0.11102,            0.029302,            0.041884,           0.0048049,            0.007063,            0.007063,            0.007063
                  91,            0.035081,            0.054708,           0.0038576,             0.24305,             0.50249,             0.20679,              0.1155,            0.028027,            0.042849,           0.0045637,             0.00703,             0.00703,             0.00703
                  92,            0.034735,             0.05456,           0.0035292,              0.2379,             0.50288,             0.20069,             0.10614,            0.029434,            0.041806,           0.0043695,            0.006997,            0.006997,            0.006997
                  93,            0.034475,            0.058199,           0.0036185,             0.22859,             0.51818,             0.20672,             0.11987,            0.029303,            0.043539,           0.0046768,            0.006964,            0.006964,            0.006964
                  94,            0.034288,            0.057303,           0.0033507,             0.23864,             0.47439,             0.20077,             0.11241,            0.028994,            0.042418,           0.0046976,            0.006931,            0.006931,            0.006931
                  95,            0.034583,            0.056395,           0.0034143,             0.23334,             0.48253,             0.19351,             0.11286,            0.028521,            0.043447,           0.0048409,            0.006898,            0.006898,            0.006898
                  96,            0.033378,            0.055033,           0.0033215,             0.22362,             0.51621,             0.19301,             0.10673,            0.029358,            0.043377,           0.0044642,            0.006865,            0.006865,            0.006865
                  97,            0.032337,            0.055084,           0.0034245,             0.22915,             0.47967,             0.19474,             0.11249,            0.028163,            0.044717,           0.0045108,            0.006832,            0.006832,            0.006832
                  98,            0.032874,            0.052845,            0.003724,             0.25771,             0.43125,             0.19478,            0.099398,            0.029808,             0.04303,           0.0043353,            0.006799,            0.006799,            0.006799
                  99,            0.034908,            0.054277,           0.0035152,             0.23046,             0.47559,             0.19394,             0.10809,            0.027994,            0.043564,           0.0047022,            0.006766,            0.006766,            0.006766
                 100,            0.034714,            0.051561,           0.0039667,             0.23764,             0.50019,             0.20329,              0.1098,            0.029193,            0.042283,           0.0045161,            0.006733,            0.006733,            0.006733
                 101,            0.033733,            0.056727,           0.0037525,             0.23236,             0.49873,             0.20287,             0.10825,            0.029199,            0.044199,           0.0044531,              0.0067,              0.0067,              0.0067
                 102,              0.0339,              0.0562,           0.0032978,             0.23842,             0.51072,              0.2069,              0.1177,             0.02843,            0.043602,           0.0044482,            0.006667,            0.006667,            0.006667
                 103,            0.033104,            0.052667,           0.0032203,             0.23518,             0.50375,             0.19405,              0.1049,            0.028943,            0.042603,           0.0042574,            0.006634,            0.006634,            0.006634
                 104,            0.033248,            0.051745,           0.0035239,             0.23261,             0.47746,             0.20306,             0.11666,            0.030262,             0.04354,           0.0048271,            0.006601,            0.006601,            0.006601
                 105,              0.0337,            0.053531,            0.003663,             0.22508,             0.47314,             0.18961,             0.10812,            0.029215,            0.042743,           0.0041231,            0.006568,            0.006568,            0.006568
                 106,            0.032942,            0.054282,           0.0034657,             0.24806,             0.44465,             0.19582,             0.11445,            0.029774,            0.045473,           0.0043811,            0.006535,            0.006535,            0.006535
                 107,            0.033003,            0.053982,           0.0031888,             0.24507,             0.48491,             0.21401,             0.12218,            0.029054,            0.043617,           0.0043679,            0.006502,            0.006502,            0.006502
                 108,            0.031935,            0.052155,           0.0032973,             0.24458,             0.45751,             0.19078,             0.10841,            0.028391,            0.043339,           0.0042801,            0.006469,            0.006469,            0.006469
                 109,            0.033334,            0.055397,           0.0034567,              0.2373,             0.47655,             0.19749,             0.11227,            0.029298,            0.042843,           0.0053215,            0.006436,            0.006436,            0.006436
                 110,             0.03292,            0.053634,           0.0032783,             0.23092,             0.48279,             0.18828,             0.11128,              0.0283,            0.043256,           0.0044909,            0.006403,            0.006403,            0.006403
                 111,            0.032722,            0.052403,           0.0034408,             0.25281,             0.44703,             0.20416,             0.11337,            0.029761,            0.042065,            0.006487,             0.00637,             0.00637,             0.00637
                 112,            0.032949,            0.056457,           0.0033129,             0.24099,             0.45713,             0.21288,             0.12417,            0.029697,            0.042455,           0.0057376,            0.006337,            0.006337,            0.006337
                 113,            0.033126,            0.053295,           0.0036421,             0.24266,             0.44941,             0.20261,             0.11679,            0.029204,            0.042235,           0.0047149,            0.006304,            0.006304,            0.006304
                 114,            0.033192,            0.054115,           0.0029929,             0.23695,             0.48018,               0.194,             0.11243,             0.02887,            0.042974,           0.0047272,            0.006271,            0.006271,            0.006271
                 115,            0.030955,            0.050602,           0.0033666,             0.22651,             0.48435,              0.1984,             0.11843,            0.027893,            0.043576,           0.0045855,            0.006238,            0.006238,            0.006238
                 116,            0.032319,            0.052599,           0.0034668,             0.24376,             0.48062,             0.20373,             0.11556,            0.028723,            0.045768,           0.0046124,            0.006205,            0.006205,            0.006205
                 117,            0.031424,            0.053028,           0.0033013,             0.24153,             0.51854,             0.21255,             0.12501,            0.028386,            0.043413,           0.0048362,            0.006172,            0.006172,            0.006172
                 118,            0.032114,            0.054099,           0.0032844,             0.24415,              0.5019,             0.20499,             0.11539,            0.028236,            0.045622,           0.0047014,            0.006139,            0.006139,            0.006139
                 119,            0.033258,            0.053283,           0.0033303,             0.22689,             0.52774,             0.20686,             0.12904,            0.028171,            0.047504,           0.0050863,            0.006106,            0.006106,            0.006106
                 120,            0.033345,            0.049887,           0.0032821,             0.23836,              0.5029,             0.20772,             0.11497,            0.028542,            0.043237,           0.0045177,            0.006073,            0.006073,            0.006073
                 121,            0.031278,             0.05299,           0.0031513,             0.23919,             0.51844,             0.19967,             0.11283,            0.028972,            0.045329,            0.005192,             0.00604,             0.00604,             0.00604
                 122,            0.031438,            0.052223,           0.0032126,             0.23184,             0.50853,             0.20861,              0.1148,            0.029037,            0.043339,           0.0064007,            0.006007,            0.006007,            0.006007
                 123,             0.03235,            0.056042,            0.003035,             0.22514,             0.48945,             0.19587,             0.11756,            0.027761,            0.045294,           0.0046282,            0.005974,            0.005974,            0.005974
                 124,            0.031168,            0.051116,           0.0033328,             0.22801,             0.50884,             0.20076,             0.11135,            0.027822,            0.045136,           0.0044329,            0.005941,            0.005941,            0.005941
                 125,            0.031641,            0.051853,           0.0031191,              0.2321,             0.46923,             0.19954,             0.11279,            0.028032,            0.047186,           0.0045839,            0.005908,            0.005908,            0.005908
                 126,            0.032184,            0.052885,           0.0031478,             0.22769,             0.49281,             0.19736,             0.11674,            0.027659,            0.043653,           0.0045403,            0.005875,            0.005875,            0.005875
                 127,            0.031367,            0.053826,           0.0029479,             0.23593,              0.4677,             0.19982,              0.1197,            0.027942,            0.044555,           0.0044982,            0.005842,            0.005842,            0.005842
                 128,            0.030741,            0.052484,            0.003085,             0.24427,             0.47579,             0.21351,             0.11894,             0.02875,            0.047707,           0.0044047,            0.005809,            0.005809,            0.005809
                 129,            0.029426,            0.052046,            0.003187,             0.24643,             0.48302,             0.20659,             0.11772,            0.028328,            0.046757,           0.0043446,            0.005776,            0.005776,            0.005776
                 130,            0.031784,            0.055957,           0.0030528,             0.25817,             0.45397,             0.21414,             0.12276,            0.028818,            0.043211,           0.0046448,            0.005743,            0.005743,            0.005743
                 131,            0.031497,             0.05398,            0.003095,             0.24067,             0.50044,             0.20763,             0.12368,             0.02891,            0.046981,            0.004342,             0.00571,             0.00571,             0.00571
                 132,            0.031908,            0.050668,           0.0029864,             0.24161,             0.46865,             0.20784,              0.1195,            0.028687,            0.045779,           0.0043531,            0.005677,            0.005677,            0.005677
                 133,            0.031351,            0.051068,           0.0030442,             0.22717,             0.48441,             0.18916,             0.11036,             0.02869,            0.045652,           0.0042858,            0.005644,            0.005644,            0.005644
                 134,            0.029951,            0.049009,           0.0032136,             0.21567,             0.50805,             0.18896,             0.10699,            0.028857,            0.047169,           0.0042625,            0.005611,            0.005611,            0.005611
                 135,             0.03151,            0.051081,           0.0030147,             0.24262,             0.45019,             0.19072,             0.10972,            0.028745,            0.046309,           0.0046232,            0.005578,            0.005578,            0.005578
                 136,             0.03101,            0.048508,             0.00327,             0.25036,              0.4579,             0.19935,             0.11691,            0.027699,            0.044494,           0.0043059,            0.005545,            0.005545,            0.005545
                 137,            0.031266,            0.050499,           0.0031593,             0.23977,             0.40461,             0.18764,             0.10944,            0.027828,            0.046592,           0.0047508,            0.005512,            0.005512,            0.005512
                 138,            0.030758,            0.053236,           0.0032104,             0.23567,             0.45935,             0.20169,             0.11956,            0.027606,            0.045133,           0.0047352,            0.005479,            0.005479,            0.005479
                 139,            0.030191,             0.04761,           0.0029063,             0.22736,             0.46267,             0.20032,             0.11351,            0.028422,             0.04597,           0.0044879,            0.005446,            0.005446,            0.005446
                 140,            0.030299,            0.051151,           0.0032377,             0.23712,             0.47954,             0.19933,             0.11527,            0.027904,            0.043066,           0.0045279,            0.005413,            0.005413,            0.005413
                 141,            0.029698,            0.049936,           0.0029771,             0.22589,             0.46447,              0.1884,             0.10908,            0.028448,            0.046512,           0.0046062,             0.00538,             0.00538,             0.00538
                 142,            0.030111,            0.052484,           0.0030404,             0.22332,             0.49212,             0.19608,             0.11579,            0.027199,            0.046132,           0.0042742,            0.005347,            0.005347,            0.005347
                 143,            0.030325,            0.049042,           0.0028695,             0.23141,              0.5119,             0.20646,             0.11672,            0.027771,            0.045639,           0.0045062,            0.005314,            0.005314,            0.005314
                 144,            0.031427,            0.048952,           0.0027889,             0.22011,             0.45272,             0.19385,             0.11306,            0.027965,            0.046941,           0.0043655,            0.005281,            0.005281,            0.005281
                 145,            0.029557,            0.049616,           0.0031363,             0.24081,             0.46919,             0.20114,             0.11445,             0.02805,            0.046757,           0.0043262,            0.005248,            0.005248,            0.005248
                 146,            0.029756,            0.051588,           0.0029914,             0.24741,             0.44028,             0.19666,             0.11413,            0.027226,            0.048643,           0.0045331,            0.005215,            0.005215,            0.005215
                 147,            0.029782,            0.049456,           0.0027359,             0.24097,             0.43707,             0.19025,             0.10595,            0.028046,            0.049794,           0.0042452,            0.005182,            0.005182,            0.005182
                 148,            0.030541,            0.047698,           0.0028242,              0.2249,             0.45536,             0.18874,             0.11264,            0.027936,            0.048178,           0.0051142,            0.005149,            0.005149,            0.005149
                 149,            0.029462,            0.052296,           0.0029186,             0.24397,             0.48155,             0.20065,             0.11286,            0.028556,            0.046786,            0.004762,            0.005116,            0.005116,            0.005116
                 150,            0.029216,             0.04834,           0.0030465,             0.23769,             0.42194,             0.19565,             0.11627,            0.027749,            0.049229,           0.0043592,            0.005083,            0.005083,            0.005083
                 151,                0.03,            0.049971,           0.0029615,             0.23946,             0.41784,             0.20619,             0.11451,            0.028104,            0.045408,           0.0043424,             0.00505,             0.00505,             0.00505
                 152,            0.029666,             0.05138,           0.0027232,             0.23973,             0.44355,             0.19311,             0.11088,            0.027758,            0.047569,           0.0046043,            0.005017,            0.005017,            0.005017
                 153,            0.029507,            0.049043,           0.0027247,             0.25167,             0.42561,             0.19656,             0.11324,            0.027765,            0.048224,           0.0045644,            0.004984,            0.004984,            0.004984
                 154,            0.029802,            0.047883,           0.0027796,             0.23876,             0.48212,             0.20553,             0.12093,            0.027123,            0.046813,           0.0046097,            0.004951,            0.004951,            0.004951
                 155,            0.030168,            0.050847,           0.0031729,              0.2534,             0.43021,             0.20561,             0.11921,            0.028735,             0.04767,            0.004707,            0.004918,            0.004918,            0.004918
                 156,            0.029829,             0.04702,           0.0029073,             0.23898,             0.41728,             0.19023,              0.1117,            0.028234,            0.048743,           0.0044998,            0.004885,            0.004885,            0.004885
                 157,            0.029426,            0.048925,           0.0026719,             0.23252,             0.45292,             0.19496,             0.11502,            0.027546,            0.046276,           0.0045899,            0.004852,            0.004852,            0.004852
                 158,             0.02909,            0.048457,           0.0028023,              0.2355,             0.44465,             0.19221,             0.11445,            0.028007,            0.049109,           0.0047034,            0.004819,            0.004819,            0.004819
                 159,            0.028668,            0.045787,           0.0027477,             0.24883,             0.45474,              0.2001,             0.11517,             0.02896,            0.048636,           0.0049312,            0.004786,            0.004786,            0.004786
                 160,            0.029431,            0.051272,           0.0028148,             0.23738,             0.44142,             0.19929,             0.11323,              0.0275,            0.052808,           0.0045277,            0.004753,            0.004753,            0.004753
                 161,             0.02897,            0.049388,           0.0027814,             0.22484,             0.42291,             0.18584,             0.10662,            0.027198,            0.049442,           0.0046925,             0.00472,             0.00472,             0.00472
                 162,            0.029162,            0.046873,           0.0027174,             0.24473,             0.43734,             0.18907,             0.10902,             0.02839,            0.049365,           0.0043336,            0.004687,            0.004687,            0.004687
                 163,            0.028943,            0.047924,           0.0027392,             0.22655,             0.41855,             0.17741,             0.10473,            0.027992,            0.050028,           0.0043871,            0.004654,            0.004654,            0.004654
                 164,            0.029493,            0.048556,           0.0026493,             0.23909,             0.41459,             0.18459,             0.10581,            0.028762,             0.05236,            0.004306,            0.004621,            0.004621,            0.004621
                 165,            0.029596,            0.045034,           0.0029051,             0.22572,             0.40517,             0.18481,             0.10761,            0.027654,            0.048684,           0.0044113,            0.004588,            0.004588,            0.004588
                 166,            0.029076,            0.046645,           0.0025557,              0.2384,             0.39455,             0.18654,             0.11072,            0.027966,            0.046812,           0.0048523,            0.004555,            0.004555,            0.004555
                 167,            0.028812,            0.046671,           0.0028305,             0.24425,             0.41125,             0.19246,             0.11252,            0.028546,             0.04918,            0.004465,            0.004522,            0.004522,            0.004522
                 168,            0.028365,            0.046601,           0.0027159,             0.22971,             0.45654,             0.18795,             0.11113,            0.027501,            0.047241,           0.0044392,            0.004489,            0.004489,            0.004489
                 169,            0.029424,            0.047248,           0.0026927,             0.23406,             0.41409,             0.19139,             0.11357,            0.027259,             0.04795,           0.0043973,            0.004456,            0.004456,            0.004456
                 170,            0.028572,            0.044566,           0.0026138,             0.23605,              0.4313,             0.18586,             0.10795,            0.027927,            0.048379,           0.0045881,            0.004423,            0.004423,            0.004423
                 171,            0.029455,            0.048036,            0.003136,              0.2409,             0.41477,             0.18551,             0.10944,             0.02768,            0.050307,           0.0044641,             0.00439,             0.00439,             0.00439
                 172,            0.027881,            0.046426,           0.0026301,             0.23959,              0.4305,             0.17888,             0.10464,            0.027416,            0.049065,           0.0043275,            0.004357,            0.004357,            0.004357
                 173,            0.027448,            0.046872,           0.0024361,             0.23316,             0.40691,             0.18346,              0.1085,            0.026948,            0.049479,           0.0043331,            0.004324,            0.004324,            0.004324
                 174,             0.02819,             0.04486,            0.002504,             0.23084,             0.42561,             0.18302,             0.10642,            0.028119,            0.049559,           0.0047422,            0.004291,            0.004291,            0.004291
                 175,            0.029115,            0.045319,           0.0027527,              0.2384,             0.43246,             0.19045,             0.11111,            0.028816,            0.049233,           0.0047682,            0.004258,            0.004258,            0.004258
                 176,            0.028211,            0.045458,           0.0028108,             0.23686,             0.42844,             0.18528,             0.10859,             0.02812,            0.048912,           0.0045616,            0.004225,            0.004225,            0.004225
                 177,            0.028558,            0.047635,           0.0026243,             0.23569,             0.43636,             0.18214,             0.10544,            0.028647,            0.049169,            0.004576,            0.004192,            0.004192,            0.004192
                 178,            0.027675,            0.046639,           0.0025237,             0.25326,              0.4163,             0.19124,             0.11518,            0.027548,            0.048018,           0.0044675,            0.004159,            0.004159,            0.004159
                 179,            0.028226,            0.048514,           0.0025721,             0.23021,             0.44602,              0.1867,             0.10726,            0.027826,            0.049541,           0.0046811,            0.004126,            0.004126,            0.004126
                 180,              0.0276,            0.046111,           0.0026717,             0.25296,               0.398,             0.18482,             0.11075,            0.027909,            0.048464,           0.0045575,            0.004093,            0.004093,            0.004093
                 181,            0.028002,             0.04763,           0.0026432,             0.24351,             0.43415,             0.19276,             0.10811,            0.028372,            0.048675,           0.0046617,             0.00406,             0.00406,             0.00406
                 182,            0.029356,            0.045569,           0.0023072,             0.24932,             0.38072,              0.1765,             0.10117,            0.027719,            0.049879,           0.0050531,            0.004027,            0.004027,            0.004027
                 183,            0.027836,            0.047035,           0.0025512,             0.24842,             0.42145,             0.18533,             0.10783,            0.027322,            0.052972,           0.0046033,            0.003994,            0.003994,            0.003994
                 184,            0.027647,            0.045665,           0.0029044,             0.23789,             0.44207,               0.182,             0.10304,            0.029051,            0.050908,           0.0043931,            0.003961,            0.003961,            0.003961
                 185,            0.028019,            0.046296,           0.0023049,             0.24014,             0.42973,             0.18615,             0.10901,            0.028041,            0.049772,           0.0046847,            0.003928,            0.003928,            0.003928
                 186,            0.028422,            0.042844,           0.0025413,             0.25204,             0.44621,             0.19765,             0.11226,            0.028463,            0.048404,           0.0046028,            0.003895,            0.003895,            0.003895
                 187,            0.027663,            0.044771,           0.0029562,             0.25121,             0.43865,              0.1906,             0.11146,            0.027757,            0.048102,           0.0044645,            0.003862,            0.003862,            0.003862
                 188,            0.027726,            0.048299,           0.0023871,             0.26997,             0.38575,             0.20453,             0.12204,            0.027606,            0.049375,           0.0046056,            0.003829,            0.003829,            0.003829
                 189,            0.028065,            0.046192,           0.0026912,             0.25708,             0.40604,             0.19054,             0.10906,            0.027454,             0.04945,           0.0047765,            0.003796,            0.003796,            0.003796
                 190,            0.027645,            0.043466,           0.0024994,             0.25138,             0.41515,             0.18985,             0.11073,            0.027782,            0.050444,           0.0048387,            0.003763,            0.003763,            0.003763
                 191,            0.027376,            0.045061,           0.0025894,             0.25291,             0.40351,             0.18745,             0.11143,            0.028962,            0.049744,           0.0049474,             0.00373,             0.00373,             0.00373
                 192,            0.027063,             0.04256,           0.0027867,             0.26126,             0.37936,             0.18302,               0.108,            0.028685,            0.049935,           0.0046712,            0.003697,            0.003697,            0.003697
                 193,            0.027621,            0.044598,            0.002777,             0.25171,             0.39143,             0.18306,             0.10656,             0.02832,            0.050016,           0.0046062,            0.003664,            0.003664,            0.003664
                 194,            0.026893,            0.042774,           0.0025237,             0.24317,              0.4008,             0.18644,             0.10924,             0.02784,             0.05187,           0.0045335,            0.003631,            0.003631,            0.003631
                 195,            0.026678,            0.044284,           0.0023875,             0.22873,             0.43333,             0.18392,             0.10717,            0.028127,            0.050681,           0.0046887,            0.003598,            0.003598,            0.003598
                 196,            0.027703,            0.043066,           0.0024628,             0.24363,             0.39042,             0.17878,             0.10709,            0.028239,            0.051108,           0.0047699,            0.003565,            0.003565,            0.003565
                 197,            0.027024,             0.04489,           0.0025329,             0.22727,             0.41646,             0.18189,             0.10912,            0.028224,            0.051788,           0.0052433,            0.003532,            0.003532,            0.003532
                 198,            0.027262,            0.042648,           0.0023677,             0.23162,             0.41651,             0.18327,             0.10866,            0.027636,            0.051292,           0.0048798,            0.003499,            0.003499,            0.003499
                 199,            0.027637,            0.044703,           0.0024951,             0.23169,             0.45474,             0.18764,             0.10793,            0.026998,            0.049635,            0.004498,            0.003466,            0.003466,            0.003466
                 200,            0.027624,            0.045908,           0.0021747,             0.23794,             0.44653,             0.19223,             0.11208,             0.02789,            0.049246,           0.0050271,            0.003433,            0.003433,            0.003433
                 201,            0.025833,            0.041403,           0.0025209,             0.23127,             0.41583,             0.18574,             0.11147,            0.027166,             0.05196,           0.0045207,              0.0034,              0.0034,              0.0034
                 202,            0.026994,            0.041729,           0.0026668,             0.21704,              0.4764,             0.18963,             0.11644,            0.027854,            0.050323,           0.0044788,            0.003367,            0.003367,            0.003367
                 203,            0.026601,            0.044606,            0.002442,             0.24918,             0.41597,             0.18972,             0.11471,            0.027502,            0.049968,           0.0043754,            0.003334,            0.003334,            0.003334
                 204,            0.026925,            0.041632,           0.0025632,             0.24112,             0.40633,              0.1886,             0.11084,            0.028331,            0.050112,           0.0047329,            0.003301,            0.003301,            0.003301
                 205,            0.027842,            0.043366,           0.0024439,             0.23558,             0.43647,             0.18282,             0.10833,            0.028076,             0.05166,           0.0046484,            0.003268,            0.003268,            0.003268
                 206,            0.027465,            0.044854,            0.002722,             0.22912,             0.43724,             0.18217,             0.10773,            0.027894,            0.053647,           0.0048801,            0.003235,            0.003235,            0.003235
                 207,            0.026533,            0.043435,           0.0023145,             0.23577,             0.42478,             0.19354,             0.11494,            0.028655,            0.050669,            0.004962,            0.003202,            0.003202,            0.003202
                 208,            0.027671,            0.040704,           0.0022518,               0.239,             0.40917,             0.18293,             0.10783,            0.028273,             0.05153,           0.0050067,            0.003169,            0.003169,            0.003169
                 209,            0.026511,            0.043813,           0.0024841,             0.24256,             0.41846,             0.18374,              0.1074,            0.028521,             0.05229,           0.0048151,            0.003136,            0.003136,            0.003136
                 210,            0.027312,            0.043084,           0.0022958,             0.22872,             0.45634,             0.18809,             0.11491,            0.027122,            0.053096,           0.0048168,            0.003103,            0.003103,            0.003103
                 211,            0.026551,            0.043152,            0.002216,             0.24226,              0.3781,             0.17433,             0.10445,            0.027513,            0.053223,           0.0048867,             0.00307,             0.00307,             0.00307
                 212,            0.027297,            0.043526,           0.0025195,             0.24449,             0.37807,              0.1858,             0.11212,            0.027698,            0.052869,           0.0052165,            0.003037,            0.003037,            0.003037
                 213,            0.026215,             0.04164,           0.0023052,             0.21968,             0.43668,             0.17925,             0.10849,            0.027879,            0.052483,            0.005142,            0.003004,            0.003004,            0.003004
                 214,            0.026762,            0.040983,           0.0024628,             0.23658,             0.37838,              0.1814,             0.10798,            0.028122,            0.052273,           0.0052639,            0.002971,            0.002971,            0.002971
                 215,             0.02693,            0.044518,            0.002081,              0.2288,             0.48011,              0.1901,             0.11421,            0.026762,            0.054527,            0.004875,            0.002938,            0.002938,            0.002938
                 216,            0.026989,            0.042889,           0.0020259,             0.23888,             0.42251,             0.18495,             0.10923,            0.027906,            0.051515,           0.0051488,            0.002905,            0.002905,            0.002905
                 217,            0.026261,            0.043353,            0.002455,             0.23171,             0.45689,             0.18132,             0.10779,            0.027674,            0.052233,           0.0049037,            0.002872,            0.002872,            0.002872
                 218,             0.02574,            0.041288,           0.0023188,             0.24451,             0.40655,             0.18008,             0.10641,            0.027236,            0.056074,           0.0048681,            0.002839,            0.002839,            0.002839
                 219,            0.025345,            0.043193,           0.0023073,             0.25584,             0.39226,             0.18639,             0.11236,            0.027825,            0.053659,           0.0047187,            0.002806,            0.002806,            0.002806
